payload_size,iteration,ack,time_ns
128,0,True,8722680
128,1,True,8276888
128,2,True,8389817
128,3,True,8611547
128,4,True,8537868
128,5,True,8414155
128,6,True,8412317
128,7,True,8523386
128,8,True,8474909
128,9,True,8536739
128,10,True,8389036
128,11,True,8601628
128,12,True,8330231
128,13,True,8281240
128,14,True,8372428
128,15,True,8296639
128,16,True,8182966
128,17,True,8439084
128,18,True,8162882
128,19,True,8409301
128,20,True,8506066
128,21,True,8479035
128,22,True,8521430
128,23,True,8421295
128,24,True,8237188
128,25,True,8403598
128,26,True,8878640
128,27,True,8275296
128,28,True,8508370
128,29,True,8640080
128,30,True,8653581
128,31,True,8590316
128,32,True,8381656
128,33,True,8624064
128,34,True,8453197
128,35,True,8660983
128,36,True,8409261
128,37,True,8367727
128,38,True,8135065
128,39,True,8454429
128,40,True,8249384
128,41,True,8642509
128,42,True,8424419
128,43,True,8576735
128,44,True,8549535
128,45,True,8182271
128,46,True,8285045
128,47,True,8339348
128,48,True,8571167
128,49,True,8609528
128,50,True,8530426
128,51,True,8227566
128,52,True,8425587
128,53,True,8681319
128,54,True,8567629
128,55,True,8303547
128,56,True,8415720
128,57,True,8283562
128,58,True,8560856
128,59,True,8428273
128,60,True,8341223
128,61,True,8347365
128,62,True,8692169
128,63,True,8623118
128,64,True,8062511
128,65,True,8366265
128,66,True,8488195
128,67,True,8415310
128,68,True,8319804
128,69,True,8411569
128,70,True,8448355
128,71,True,8619081
128,72,True,8973663
128,73,True,8688262
128,74,True,8860679
128,75,True,8474231
128,76,True,8487485
128,77,True,8536453
128,78,True,8330664
128,79,True,8502238
128,80,True,8209356
128,81,True,8342871
128,82,True,8531820
128,83,True,8554646
128,84,True,8393353
128,85,True,8401698
128,86,True,8584008
128,87,True,9001758
128,88,True,8419116
128,89,True,8573926
128,90,True,8647857
128,91,True,8834029
128,92,True,8507922
128,93,True,8554326
128,94,True,8442526
128,95,True,8736869
128,96,True,8460973
128,97,True,8503682
128,98,True,8306280
128,99,True,8660212
128,100,True,8346261
128,101,True,8474367
128,102,True,8557131
128,103,True,8483356
128,104,True,8466640
128,105,True,8102216
128,106,True,8591477
128,107,True,8547839
128,108,True,8864728
128,109,True,8409301
128,110,True,8465121
128,111,True,8397217
128,112,True,8637291
128,113,True,8549167
128,114,True,8616628
128,115,True,8785609
128,116,True,8538684
128,117,True,8452652
128,118,True,8462306
128,119,True,8526608
128,120,True,8440039
128,121,True,8575147
128,122,True,8523293
128,123,True,8475793
128,124,True,9057687
128,125,True,8971344
128,126,True,8369939
128,127,True,8579009
128,128,True,8335036
128,129,True,8273413
128,130,True,8469403
128,131,True,8589843
128,132,True,8373282
128,133,True,8720371
128,134,True,8294450
128,135,True,8973118
128,136,True,8459734
128,137,True,8516285
128,138,True,8527421
128,139,True,8569920
128,140,True,8592323
128,141,True,8382109
128,142,True,8354488
128,143,True,8568507
128,144,True,8474981
128,145,True,8502365
128,146,True,8592554
128,147,True,8401828
128,148,True,9061845
128,149,True,8613690
128,150,True,8327809
128,151,True,9072015
128,152,True,8331841
128,153,True,8572544
128,154,True,8472924
128,155,True,8521116
128,156,True,8295103
128,157,True,8432012
128,158,True,8357136
128,159,True,8477834
128,160,True,8375152
128,161,True,8375122
128,162,True,8429675
128,163,True,8572246
128,164,True,8384472
128,165,True,9401286
128,166,True,8965143
128,167,True,8595930
128,168,True,8441062
128,169,True,8439105
128,170,True,8449929
128,171,True,8136619
128,172,True,8663966
128,173,True,8255183
128,174,True,8470578
128,175,True,8487798
128,176,True,8196031
128,177,True,8817293
128,178,True,8431860
128,179,True,8593904
128,180,True,8655745
128,181,True,8503173
128,182,True,8410152
128,183,True,8565370
128,184,True,8798777
128,185,True,8477225
128,186,True,8519275
128,187,True,8476348
128,188,True,8545993
128,189,True,8300110
128,190,True,8311817
128,191,True,8407493
128,192,True,8564418
128,193,True,8413911
128,194,True,8541787
128,195,True,8404138
128,196,True,8360236
128,197,True,8581510
128,198,True,8325099
128,199,True,8360750
128,200,True,8526727
128,201,True,8312770
128,202,True,8532907
128,203,True,8487123
128,204,True,8487396
128,205,True,8372948
128,206,True,8663355
128,207,True,8259471
128,208,True,8657550
128,209,True,8464365
128,210,True,8542614
128,211,True,8587612
128,212,True,8484618
128,213,True,8471101
128,214,True,8504489
128,215,True,8545633
128,216,True,8452178
128,217,True,9084624
128,218,True,8389071
128,219,True,8514662
128,220,True,8628757
128,221,True,8417471
128,222,True,8214981
128,223,True,8380043
128,224,True,8280211
128,225,True,8258669
128,226,True,8795108
128,227,True,8373660
128,228,True,8316706
128,229,True,8335053
128,230,True,8493935
128,231,True,8580916
128,232,True,8544657
128,233,True,8528447
128,234,True,8321506
128,235,True,8500388
128,236,True,8501277
128,237,True,8582497
128,238,True,8341474
128,239,True,8614672
128,240,True,8378980
128,241,True,8719742
128,242,True,8500420
128,243,True,8589699
128,244,True,8504900
128,245,True,8398596
128,246,True,8550246
128,247,True,8887027
128,248,True,8493636
128,249,True,9098766
128,250,True,8893076
128,251,True,8400923
128,252,True,8496386
128,253,True,8360573
128,254,True,8711931
128,255,True,8651448
128,256,True,8473801
128,257,True,8868446
128,258,True,8446039
128,259,True,8545483
128,260,True,8459881
128,261,True,8507294
128,262,True,8475377
128,263,True,8450290
128,264,True,8441755
128,265,True,8637167
128,266,True,8537813
128,267,True,8446305
128,268,True,8199381
128,269,True,8366891
128,270,True,8437657
128,271,True,8587701
128,272,True,8439352
128,273,True,8560837
128,274,True,8416338
128,275,True,8393061
128,276,True,8718893
128,277,True,8613087
128,278,True,8477816
128,279,True,8774001
128,280,True,8372349
128,281,True,8657708
128,282,True,8430447
128,283,True,8519850
128,284,True,8552911
128,285,True,8440762
128,286,True,8667721
128,287,True,8351175
128,288,True,8435057
128,289,True,8587649
128,290,True,8260322
128,291,True,8735060
128,292,True,8335328
128,293,True,8545667
128,294,True,8791381
128,295,True,8285391
128,296,True,8354337
128,297,True,8680389
128,298,True,8414769
128,299,True,8553857
128,300,True,8300735
128,301,True,8627377
128,302,True,8513278
128,303,True,8576652
128,304,True,8318850
128,305,True,8646703
128,306,True,8488586
128,307,True,8503255
128,308,True,8431462
128,309,True,8575722
128,310,True,8292691
128,311,True,8722830
128,312,True,8467301
128,313,True,8502518
128,314,True,8410466
128,315,True,8284513
128,316,True,8372383
128,317,True,8507023
128,318,True,8583832
128,319,True,8412422
128,320,True,8417447
128,321,True,8468495
128,322,True,8474771
128,323,True,8332778
128,324,True,8336163
128,325,True,8385066
128,326,True,8600839
128,327,True,8403062
128,328,True,8081901
128,329,True,8480884
128,330,True,8432312
128,331,True,8405542
128,332,True,8608762
128,333,True,8480238
128,334,True,8441731
128,335,True,8264522
128,336,True,8492447
128,337,True,8389436
128,338,True,8488249
128,339,True,8437246
128,340,True,8536875
128,341,True,8453738
128,342,True,8542449
128,343,True,8441500
128,344,True,8367879
128,345,True,8694630
128,346,True,8457432
128,347,True,8491210
128,348,True,8415454
128,349,True,8522092
128,350,True,8922359
128,351,True,8232540
128,352,True,8528891
128,353,True,8512290
128,354,True,8324307
128,355,True,8532023
128,356,True,8339163
128,357,True,8268179
128,358,True,8380154
128,359,True,8037452
128,360,True,8586581
128,361,True,8571706
128,362,True,8800747
128,363,True,8355992
128,364,True,8326494
128,365,True,8447976
128,366,True,8481688
128,367,True,8402919
128,368,True,8340815
128,369,True,8584928
128,370,True,8324831
128,371,True,8730158
128,372,True,8186003
128,373,True,8435054
128,374,True,8359602
128,375,True,8756130
128,376,True,8253495
128,377,True,8386872
128,378,True,8616763
128,379,True,9077383
128,380,True,8994123
128,381,True,8414182
128,382,True,8508383
128,383,True,8621678
128,384,True,8370052
128,385,True,8344588
128,386,True,8137455
128,387,True,8520258
128,388,True,8424098
128,389,True,8259313
128,390,True,8386512
128,391,True,8655437
128,392,True,8338366
128,393,True,9016193
128,394,True,8390867
128,395,True,8546804
128,396,True,8254895
128,397,True,8711227
128,398,True,8414489
128,399,True,8601085
128,400,True,9062213
128,401,True,8399305
128,402,True,8449855
128,403,True,8201089
128,404,True,8299562
128,405,True,8562061
128,406,True,8312278
128,407,True,8642257
128,408,True,8551358
128,409,True,8531484
128,410,True,8534081
128,411,True,8518354
128,412,True,8503654
128,413,True,8423427
128,414,True,8508757
128,415,True,8500708
128,416,True,8047883
128,417,True,8345307
128,418,True,8243411
128,419,True,8322489
128,420,True,8444531
128,421,True,8612495
128,422,True,8368073
128,423,True,8262731
128,424,True,8370045
128,425,True,8600698
128,426,True,8571897
128,427,True,8789316
128,428,True,8498306
128,429,True,8556267
128,430,True,8275268
128,431,True,8325730
128,432,True,8744018
128,433,True,8487330
128,434,True,8088731
128,435,True,8246912
128,436,True,8227055
128,437,True,8201953
128,438,True,8307385
128,439,True,8726299
128,440,True,8386327
128,441,True,8505767
128,442,True,8484031
128,443,True,8393845
128,444,True,8495802
128,445,True,8286386
128,446,True,8233470
128,447,True,8524442
128,448,True,8381242
128,449,True,8567988
128,450,True,8363920
128,451,True,8625347
128,452,True,8460522
128,453,True,8550607
128,454,True,8351181
128,455,True,8270468
128,456,True,8372554
128,457,True,8681006
128,458,True,8311727
128,459,True,8315993
128,460,True,8703071
128,461,True,9005603
128,462,True,8695445
128,463,True,8401670
128,464,True,8925250
128,465,True,8378933
128,466,True,8549074
128,467,True,8318513
128,468,True,8570015
128,469,True,8380865
128,470,True,8758519
128,471,True,8511634
128,472,True,8476292
128,473,True,8736714
128,474,True,8277648
128,475,True,8548794
128,476,True,8577216
128,477,True,8863391
128,478,True,8205204
128,479,True,8813614
128,480,True,8535377
128,481,True,8489830
128,482,True,8491468
128,483,True,8450058
128,484,True,8401438
128,485,True,8585537
128,486,True,8482716
128,487,True,8497996
128,488,True,8527467
128,489,True,8494725
128,490,True,8522999
128,491,True,8474424
128,492,True,8556824
128,493,True,8443423
128,494,True,8139152
128,495,True,8531553
128,496,True,8339820
128,497,True,9063984
128,498,True,8409313
128,499,True,8503819
256,0,True,15495247
256,1,True,15515457
256,2,True,15119810
256,3,True,15984965
256,4,True,15235411
256,5,True,15272529
256,6,True,15465494
256,7,True,15257826
256,8,True,15271016
256,9,True,15372551
256,10,True,15358040
256,11,True,15212511
256,12,True,14976250
256,13,True,15440425
256,14,True,15520968
256,15,True,15598981
256,16,True,15223763
256,17,True,15696506
256,18,True,15049583
256,19,True,15934814
256,20,True,15262083
256,21,True,15345743
256,22,True,15370722
256,23,True,15127270
256,24,True,15869524
256,25,True,15340365
256,26,True,15390636
256,27,True,15340768
256,28,True,15391978
256,29,True,15513683
256,30,True,15294006
256,31,True,15627557
256,32,True,15084761
256,33,True,15445632
256,34,True,15081510
256,35,True,15510605
256,36,True,15418418
256,37,True,15571576
256,38,True,15263367
256,39,True,15344962
256,40,True,15398210
256,41,True,15531340
256,42,True,15431068
256,43,True,15416799
256,44,True,15574732
256,45,True,15575831
256,46,True,15534124
256,47,True,15536789
256,48,True,15363575
256,49,True,15008482
256,50,True,15389553
256,51,True,15600305
256,52,True,14974307
256,53,True,15230897
256,54,True,15252404
256,55,True,15514249
256,56,True,15145808
256,57,True,15281473
256,58,True,15575189
256,59,True,15220727
256,60,True,15394803
256,61,True,15298568
256,62,True,15228978
256,63,True,15933889
256,64,True,15491918
256,65,True,15044594
256,66,True,15362814
256,67,True,15295444
256,68,True,15237076
256,69,True,15163348
256,70,True,15517913
256,71,True,15949754
256,72,True,15547372
256,73,True,15835132
256,74,True,15567213
256,75,True,15263210
256,76,True,15747906
256,77,True,15344840
256,78,True,15647417
256,79,True,15411332
256,80,True,15502060
256,81,True,15656196
256,82,True,15410896
256,83,True,15195554
256,84,True,15704083
256,85,True,15531423
256,86,True,15464909
256,87,True,15370484
256,88,True,15593979
256,89,True,15701290
256,90,True,15290984
256,91,True,15282747
256,92,True,15244804
256,93,True,15413770
256,94,True,15540440
256,95,True,15542506
256,96,True,15275024
256,97,True,15321000
256,98,True,15371088
256,99,True,15293250
256,100,True,15194630
256,101,True,15079964
256,102,True,15445149
256,103,True,15115629
256,104,True,15933849
256,105,True,14944091
256,106,True,16040168
256,107,True,15239876
256,108,True,15736315
256,109,True,15276843
256,110,True,15623577
256,111,True,15244022
256,112,True,15315214
256,113,True,15450706
256,114,True,15466718
256,115,True,15316126
256,116,True,15443072
256,117,True,15385910
256,118,True,15509454
256,119,True,15380300
256,120,True,15651948
256,121,True,15305862
256,122,True,15676603
256,123,True,15713000
256,124,True,15292874
256,125,True,15590752
256,126,True,15429612
256,127,True,15544473
256,128,True,15401438
256,129,True,15395805
256,130,True,15218095
256,131,True,15808373
256,132,True,15430582
256,133,True,15206466
256,134,True,15343047
256,135,True,15437974
256,136,True,15062753
256,137,True,15402465
256,138,True,15003022
256,139,True,15626633
256,140,True,15030919
256,141,True,15217744
256,142,True,15276800
256,143,True,15474721
256,144,True,15384627
256,145,True,15591435
256,146,True,15384405
256,147,True,15351224
256,148,True,15281277
256,149,True,15395691
256,150,True,15177728
256,151,True,15553064
256,152,True,15494274
256,153,True,15351366
256,154,True,15117970
256,155,True,15218241
256,156,True,15659763
256,157,True,15837085
256,158,True,15154014
256,159,True,15089338
256,160,True,15261829
256,161,True,15632359
256,162,True,15027032
256,163,True,15112064
256,164,True,14918716
256,165,True,15505443
256,166,True,15363535
256,167,True,15102887
256,168,True,15536177
256,169,True,15434902
256,170,True,15387214
256,171,True,15156483
256,172,True,15482502
256,173,True,15570939
256,174,True,15403755
256,175,True,15395626
256,176,True,15594683
256,177,True,15481944
256,178,True,15507472
256,179,True,15456718
256,180,True,15268872
256,181,True,15334618
256,182,True,15004448
256,183,True,15919070
256,184,True,15074875
256,185,True,15732630
256,186,True,15203167
256,187,True,15590038
256,188,True,15422249
256,189,True,15265113
256,190,True,15025986
256,191,True,15714219
256,192,True,15256995
256,193,True,15420877
256,194,True,15312664
256,195,True,15559693
256,196,True,15420311
256,197,True,15463726
256,198,True,15468154
256,199,True,15383544
256,200,True,14885253
256,201,True,15397096
256,202,True,15602722
256,203,True,15618128
256,204,True,15617151
256,205,True,15619305
256,206,True,15214677
256,207,True,15205532
256,208,True,15247761
256,209,True,15285666
256,210,True,15436953
256,211,True,15511289
256,212,True,15482287
256,213,True,15526451
256,214,True,15513825
256,215,True,15047740
256,216,True,15437968
256,217,True,15719184
256,218,True,15664426
256,219,True,15112353
256,220,True,15535579
256,221,True,15332917
256,222,True,15629719
256,223,True,15736669
256,224,True,15352516
256,225,True,15675386
256,226,True,15203185
256,227,True,16086759
256,228,True,14989683
256,229,True,15304436
256,230,True,15653277
256,231,True,15210321
256,232,True,15237208
256,233,True,15137014
256,234,True,15380598
256,235,True,15628092
256,236,True,15377308
256,237,True,15549330
256,238,True,15367535
256,239,True,15205666
256,240,True,15367192
256,241,True,15184181
256,242,True,15353367
256,243,True,15657013
256,244,True,15717156
256,245,True,15594225
256,246,True,15323269
256,247,True,15366679
256,248,True,15307455
256,249,True,15392604
256,250,True,15061060
256,251,True,15514793
256,252,True,15027651
256,253,True,15079327
256,254,True,15308296
256,255,True,15582113
256,256,True,15555813
256,257,True,15514214
256,258,True,15199482
256,259,True,15655931
256,260,True,15218721
256,261,True,15471748
256,262,True,15375561
256,263,True,15358061
256,264,True,15205948
256,265,True,15436158
256,266,True,15335332
256,267,True,15662327
256,268,True,15210847
256,269,True,15487866
256,270,True,15361373
256,271,True,15258892
256,272,True,15170658
256,273,True,15504568
256,274,True,15205984
256,275,True,15413697
256,276,True,14801901
256,277,True,15033740
256,278,True,15643588
256,279,True,15548530
256,280,True,15355069
256,281,True,15413117
256,282,True,15584025
256,283,True,15210457
256,284,True,15185917
256,285,True,15306773
256,286,True,15304208
256,287,True,15262457
256,288,True,15141110
256,289,True,15179464
256,290,True,15463417
256,291,True,15472891
256,292,True,15473100
256,293,True,15395804
256,294,True,15608959
256,295,True,15534373
256,296,True,15435048
256,297,True,15216876
256,298,True,15189783
256,299,True,15115978
256,300,True,15550481
256,301,True,15379783
256,302,True,15478278
256,303,True,15284124
256,304,True,15517766
256,305,True,15261847
256,306,True,15003034
256,307,True,15121875
256,308,True,15137005
256,309,True,15301328
256,310,True,15476035
256,311,True,15478636
256,312,True,15483244
256,313,True,15589710
256,314,True,15434623
256,315,True,15574470
256,316,True,15416089
256,317,True,16065818
256,318,True,15281224
256,319,True,15646626
256,320,True,16004396
256,321,True,15209043
256,322,True,15774438
256,323,True,15456413
256,324,True,15545889
256,325,True,15601251
256,326,True,15393069
256,327,True,16020093
256,328,True,15324687
256,329,True,15637147
256,330,True,15984958
256,331,True,15229090
256,332,True,15455492
256,333,True,15419079
256,334,True,15194477
256,335,True,15319795
256,336,True,15379473
256,337,True,15303220
256,338,True,15264881
256,339,True,15434916
256,340,True,15212783
256,341,True,15410279
256,342,True,15373943
256,343,True,15595948
256,344,True,15077240
256,345,True,15065318
256,346,True,15336294
256,347,True,15834633
256,348,True,15552235
256,349,True,15515669
256,350,True,15397006
256,351,True,15658913
256,352,True,15518623
256,353,True,15038838
256,354,True,15355900
256,355,True,15065179
256,356,True,15221724
256,357,True,15333151
256,358,True,15375437
256,359,True,15358289
256,360,True,15661652
256,361,True,15517589
256,362,True,15386684
256,363,True,15068805
256,364,True,15078613
256,365,True,15492513
256,366,True,15482589
256,367,True,16085582
256,368,True,15465025
256,369,True,15499486
256,370,True,16015008
256,371,True,15280006
256,372,True,15554367
256,373,True,15371636
256,374,True,15763789
256,375,True,15542117
256,376,True,15403084
256,377,True,14952015
256,378,True,15465452
256,379,True,15154876
256,380,True,15371175
256,381,True,16021023
256,382,True,15314883
256,383,True,15572678
256,384,True,15555403
256,385,True,15517643
256,386,True,15291061
256,387,True,15309644
256,388,True,15393394
256,389,True,15012125
256,390,True,15211578
256,391,True,14998436
256,392,True,15113720
256,393,True,15587091
256,394,True,15220722
256,395,True,15272223
256,396,True,15583863
256,397,True,15243852
256,398,True,15197040
256,399,True,15568054
256,400,True,15396627
256,401,True,15605745
256,402,True,15250347
256,403,True,15353484
256,404,True,15379877
256,405,True,16094969
256,406,True,15120095
256,407,True,15781991
256,408,True,15617100
256,409,True,15321480
256,410,True,15208149
256,411,True,15012813
256,412,True,15536146
256,413,True,15326817
256,414,True,15162477
256,415,True,15132697
256,416,True,15668377
256,417,True,15059381
256,418,True,16046249
256,419,True,15505627
256,420,True,15435634
256,421,True,15579355
256,422,True,15469311
256,423,True,15469213
256,424,True,15162045
256,425,True,15355751
256,426,True,15653475
256,427,True,15341618
256,428,True,15445769
256,429,True,15589055
256,430,True,15982659
256,431,True,15201140
256,432,True,15316237
256,433,True,16455894
256,434,True,15471268
256,435,True,15460984
256,436,True,15476549
256,437,True,15504773
256,438,True,15556394
256,439,True,15475442
256,440,True,15322519
256,441,True,15217696
256,442,True,15427529
256,443,True,15283486
256,444,True,15426162
256,445,True,15798136
256,446,True,15506568
256,447,True,15665882
256,448,True,15355502
256,449,True,15484990
256,450,True,15488574
256,451,True,15426942
256,452,True,15596002
256,453,True,15340121
256,454,True,15295077
256,455,True,15369677
256,456,True,15476622
256,457,True,15436134
256,458,True,15399997
256,459,True,15606653
256,460,True,15368232
256,461,True,15678922
256,462,True,16016137
256,463,True,15539409
256,464,True,15392507
256,465,True,15360877
256,466,True,15676710
256,467,True,15232731
256,468,True,15337251
256,469,True,15381464
256,470,True,15399435
256,471,True,15614387
256,472,True,15333010
256,473,True,15651437
256,474,True,15321620
256,475,True,15659189
256,476,True,15268898
256,477,True,15435775
256,478,True,15296744
256,479,True,15031229
256,480,True,15312919
256,481,True,15730900
256,482,True,15279943
256,483,True,15101052
256,484,True,15167212
256,485,True,15359886
256,486,True,15073722
256,487,True,15481920
256,488,True,15216460
256,489,True,15308066
256,490,True,15533918
256,491,True,15477804
256,492,True,15264972
256,493,True,15862283
256,494,True,15226639
256,495,True,15255479
256,496,True,15504175
256,497,True,15073295
256,498,True,15138623
256,499,True,15590933
512,0,True,28982884
512,1,True,29023823
512,2,True,29114004
512,3,True,29029088
512,4,True,28853029
512,5,True,28991557
512,6,True,28990677
512,7,True,28990767
512,8,True,29533147
512,9,True,29121775
512,10,True,28753157
512,11,True,29696915
512,12,True,29089733
512,13,True,29248321
512,14,True,29113450
512,15,True,29488355
512,16,True,29449713
512,17,True,29458349
512,18,True,29046497
512,19,True,29400042
512,20,True,29056366
512,21,True,29610943
512,22,True,28940047
512,23,True,28993046
512,24,True,29051441
512,25,True,29042978
512,26,True,29189658
512,27,True,29311685
512,28,True,29004048
512,29,True,28721258
512,30,True,29088184
512,31,True,29097273
512,32,True,29202288
512,33,True,29289379
512,34,True,29011098
512,35,True,29265550
512,36,True,28992023
512,37,True,28857480
512,38,True,29308018
512,39,True,29168796
512,40,True,29056181
512,41,True,28793437
512,42,True,29484187
512,43,True,29092608
512,44,True,28897830
512,45,True,29149005
512,46,True,28898585
512,47,True,29001606
512,48,True,28980152
512,49,True,28970142
512,50,True,29015922
512,51,True,29163387
512,52,True,28871244
512,53,True,28927728
512,54,True,29045123
512,55,True,29040573
512,56,True,29072398
512,57,True,29025882
512,58,True,29245571
512,59,True,29529727
512,60,True,29056845
512,61,True,29008733
512,62,True,29054418
512,63,True,30011717
512,64,True,28935897
512,65,True,29335240
512,66,True,28842472
512,67,True,29120435
512,68,True,28712853
512,69,True,29083368
512,70,True,28798305
512,71,True,29318848
512,72,True,29192371
512,73,True,28820057
512,74,True,29512355
512,75,True,29323938
512,76,True,29400015
512,77,True,29628816
512,78,True,28933844
512,79,True,28903146
512,80,True,29139902
512,81,True,29132925
512,82,True,28825936
512,83,True,29215463
512,84,True,29185260
512,85,True,29045202
512,86,True,29462613
512,87,True,29077569
512,88,True,29061139
512,89,True,29189928
512,90,True,29185266
512,91,True,29144863
512,92,True,29264444
512,93,True,29119502
512,94,True,28918794
512,95,True,29128835
512,96,True,29128391
512,97,True,29263113
512,98,True,28903735
512,99,True,29166731
512,100,True,28964306
512,101,True,29425613
512,102,True,29162806
512,103,True,29885401
512,104,True,28955340
512,105,True,28992553
512,106,True,29036110
512,107,True,29287939
512,108,True,29331465
512,109,True,29374383
512,110,True,29163511
512,111,True,29258999
512,112,True,29190065
512,113,True,29058216
512,114,True,29315807
512,115,True,29199327
512,116,True,28875604
512,117,True,29114748
512,118,True,29297258
512,119,True,29436972
512,120,True,29052485
512,121,True,29252344
512,122,True,29096709
512,123,True,28685240
512,124,True,28928046
512,125,True,29003112
512,126,True,29038888
512,127,True,29145810
512,128,True,29102813
512,129,True,28794549
512,130,True,29499467
512,131,True,29365889
512,132,True,29099251
512,133,True,28965109
512,134,True,29088870
512,135,True,28941451
512,136,True,29368123
512,137,True,28804548
512,138,True,29239421
512,139,True,28792269
512,140,True,29379570
512,141,True,29091192
512,142,True,29417259
512,143,True,29294485
512,144,True,29290667
512,145,True,28779099
512,146,True,29165181
512,147,True,29053468
512,148,True,28936501
512,149,True,28892709
512,150,True,29103494
512,151,True,29299129
512,152,True,29092959
512,153,True,29056214
512,154,True,29175722
512,155,True,28767572
512,156,True,29606924
512,157,True,28945329
512,158,True,29272780
512,159,True,29823456
512,160,True,29290942
512,161,True,28980496
512,162,True,28965921
512,163,True,29134763
512,164,True,29906834
512,165,True,29057856
512,166,True,28939804
512,167,True,29410670
512,168,True,28880010
512,169,True,29024721
512,170,True,29278226
512,171,True,29373668
512,172,True,29044972
512,173,True,30135546
512,174,True,29076631
512,175,True,29064010
512,176,True,29179844
512,177,True,28975376
512,178,True,29017493
512,179,True,29164371
512,180,True,29302382
512,181,True,29259726
512,182,True,28817248
512,183,True,29077580
512,184,True,28900906
512,185,True,28927286
512,186,True,29155468
512,187,True,29289333
512,188,True,28630794
512,189,True,28919211
512,190,True,29367789
512,191,True,28636328
512,192,True,28712952
512,193,True,29469133
512,194,True,28901620
512,195,True,29242317
512,196,True,28931307
512,197,True,29819999
512,198,True,29084423
512,199,True,28983401
512,200,True,28869999
512,201,True,29065069
512,202,True,29114205
512,203,True,29189575
512,204,True,29065140
512,205,True,29601663
512,206,True,28933844
512,207,True,29037153
512,208,True,29131476
512,209,True,29258614
512,210,True,29055093
512,211,True,29482727
512,212,True,29032284
512,213,True,29362176
512,214,True,28999051
512,215,True,29613165
512,216,True,29055756
512,217,True,29010693
512,218,True,29227552
512,219,True,29055778
512,220,True,29299741
512,221,True,29006395
512,222,True,28954667
512,223,True,29023113
512,224,True,29072044
512,225,True,29265104
512,226,True,29413331
512,227,True,28937233
512,228,True,29014120
512,229,True,28895751
512,230,True,29559061
512,231,True,29274838
512,232,True,29377912
512,233,True,29311795
512,234,True,29245637
512,235,True,29078413
512,236,True,29124649
512,237,True,29369633
512,238,True,29530306
512,239,True,29464076
512,240,True,29023404
512,241,True,28839164
512,242,True,28529549
512,243,True,28971215
512,244,True,29018249
512,245,True,29119486
512,246,True,29105910
512,247,True,29042982
512,248,True,29313088
512,249,True,28902604
512,250,True,29484963
512,251,True,28992194
512,252,True,29003362
512,253,True,29027847
512,254,True,29291655
512,255,True,29392363
512,256,True,29384707
512,257,True,29696410
512,258,True,29205726
512,259,True,28987987
512,260,True,29023076
512,261,True,29280743
512,262,True,29255476
512,263,True,29453919
512,264,True,29261991
512,265,True,29170533
512,266,True,29255520
512,267,True,29450801
512,268,True,29047007
512,269,True,29465934
512,270,True,29023077
512,271,True,28931364
512,272,True,28771050
512,273,True,29342203
512,274,True,29261539
512,275,True,28988286
512,276,True,29025965
512,277,True,29000572
512,278,True,29333313
512,279,True,29138078
512,280,True,29553034
512,281,True,29158991
512,282,True,29141240
512,283,True,28863092
512,284,True,29254146
512,285,True,29056689
512,286,True,29310498
512,287,True,28809559
512,288,True,29419344
512,289,True,28681041
512,290,True,29264495
512,291,True,28969750
512,292,True,28994754
512,293,True,28999830
512,294,True,29058482
512,295,True,29027420
512,296,True,29049768
512,297,True,28872833
512,298,True,29056708
512,299,True,29256859
512,300,True,29386812
512,301,True,29260115
512,302,True,28985006
512,303,True,28451460
512,304,True,29114133
512,305,True,28710166
512,306,True,28774550
512,307,True,28979989
512,308,True,29025929
512,309,True,29325923
512,310,True,28695228
512,311,True,29455765
512,312,True,28830558
512,313,True,29708209
512,314,True,29052772
512,315,True,28935678
512,316,True,29216096
512,317,True,29574092
512,318,True,28865725
512,319,True,29041199
512,320,True,29232896
512,321,True,29032366
512,322,True,28945497
512,323,True,29019130
512,324,True,28992556
512,325,True,29303205
512,326,True,29241105
512,327,True,29568515
512,328,True,29214013
512,329,True,29192739
512,330,True,29517668
512,331,True,29110858
512,332,True,29228148
512,333,True,29302585
512,334,True,28840021
512,335,True,29366333
512,336,True,29051455
512,337,True,29173717
512,338,True,29185885
512,339,True,29691328
512,340,True,29017469
512,341,True,28950096
512,342,True,29000828
512,343,True,29539874
512,344,True,29531257
512,345,True,29081559
512,346,True,29039240
512,347,True,29237566
512,348,True,29579155
512,349,True,29034495
512,350,True,29342057
512,351,True,28851112
512,352,True,29114689
512,353,True,29627746
512,354,True,29200858
512,355,True,29189811
512,356,True,28695890
512,357,True,28875302
512,358,True,29236546
512,359,True,28810526
512,360,True,28965472
512,361,True,28997650
512,362,True,28973080
512,363,True,29000577
512,364,True,30048836
512,365,True,28993092
512,366,True,28947565
512,367,True,29422859
512,368,True,28740586
512,369,True,29213809
512,370,True,28791044
512,371,True,29101716
512,372,True,28772103
512,373,True,29031327
512,374,True,29047965
512,375,True,28989760
512,376,True,28907637
512,377,True,29014758
512,378,True,29072491
512,379,True,29048739
512,380,True,29424251
512,381,True,29422389
512,382,True,28999413
512,383,True,29115637
512,384,True,28888392
512,385,True,28980504
512,386,True,29449059
512,387,True,29571598
512,388,True,29596663
512,389,True,29490464
512,390,True,28858243
512,391,True,29100270
512,392,True,29957543
512,393,True,29132129
512,394,True,28908033
512,395,True,29113099
512,396,True,28937429
512,397,True,29177275
512,398,True,29466260
512,399,True,29234054
512,400,True,29169971
512,401,True,29130213
512,402,True,29090199
512,403,True,29175958
512,404,True,28848741
512,405,True,29292327
512,406,True,29340320
512,407,True,29010553
512,408,True,29111263
512,409,True,29385481
512,410,True,29419445
512,411,True,28922950
512,412,True,29407890
512,413,True,29197604
512,414,True,29433313
512,415,True,28923131
512,416,True,29104476
512,417,True,29064425
512,418,True,30044866
512,419,True,28967719
512,420,True,28926155
512,421,True,28990699
512,422,True,30056348
512,423,True,29496527
512,424,True,28961058
512,425,True,29465579
512,426,True,28989708
512,427,True,29190609
512,428,True,29214571
512,429,True,28712481
512,430,True,28877118
512,431,True,28997638
512,432,True,29086477
512,433,True,28917620
512,434,True,28991508
512,435,True,29130450
512,436,True,29161767
512,437,True,29266809
512,438,True,29424917
512,439,True,29958777
512,440,True,29153002
512,441,True,28867554
512,442,True,29060660
512,443,True,29116973
512,444,True,29395181
512,445,True,29132528
512,446,True,29303065
512,447,True,29193475
512,448,True,28786587
512,449,True,28979254
512,450,True,29226300
512,451,True,28777970
512,452,True,28990908
512,453,True,29330636
512,454,True,28737912
512,455,True,28946636
512,456,True,29057846
512,457,True,28945619
512,458,True,29002569
512,459,True,28979464
512,460,True,29172703
512,461,True,29405070
512,462,True,29104934
512,463,True,28898588
512,464,True,29353501
512,465,True,29569492
512,466,True,29548370
512,467,True,29089915
512,468,True,29807025
512,469,True,28995508
512,470,True,29081661
512,471,True,28966070
512,472,True,29010106
512,473,True,29075448
512,474,True,28983266
512,475,True,29196406
512,476,True,29210815
512,477,True,28538621
512,478,True,29009635
512,479,True,29378468
512,480,True,29128453
512,481,True,28820035
512,482,True,29139265
512,483,True,28915620
512,484,True,28687648
512,485,True,28891342
512,486,True,29249162
512,487,True,29145668
512,488,True,29290434
512,489,True,29429134
512,490,True,29129504
512,491,True,28986035
512,492,True,28940848
512,493,True,28845980
512,494,True,29188818
512,495,True,28795285
512,496,True,28945745
512,497,True,29053444
512,498,True,29087424
512,499,True,28960080
1024,0,True,56910748
1024,1,True,56630058
1024,2,True,57076716
1024,3,True,56667742
1024,4,True,56217496
1024,5,True,57041639
1024,6,True,56389202
1024,7,True,56269568
1024,8,True,56709497
1024,9,True,56555823
1024,10,True,56502215
1024,11,True,56903831
1024,12,True,57067391
1024,13,True,56969312
1024,14,True,57169345
1024,15,True,56490762
1024,16,True,56488171
1024,17,True,56289338
1024,18,True,56515972
1024,19,True,56349843
1024,20,True,56630757
1024,21,True,56553806
1024,22,True,56016324
1024,23,True,56441458
1024,24,True,56006646
1024,25,True,56014242
1024,26,True,56344430
1024,27,True,56643379
1024,28,True,56253700
1024,29,True,56759496
1024,30,True,56894058
1024,31,True,56492563
1024,32,True,56258344
1024,33,True,56464131
1024,34,True,56913618
1024,35,True,56513601
1024,36,True,57474887
1024,37,True,56440996
1024,38,True,56661952
1024,39,True,56659335
1024,40,True,56768306
1024,41,True,56763333
1024,42,True,55912283
1024,43,True,56810444
1024,44,True,56298827
1024,45,True,57248483
1024,46,True,56438591
1024,47,True,56435359
1024,48,True,56956874
1024,49,True,57076459
1024,50,True,56569169
1024,51,True,56533819
1024,52,True,56404130
1024,53,True,56321047
1024,54,True,56619703
1024,55,True,56441663
1024,56,True,56897692
1024,57,True,56819176
1024,58,True,56337258
1024,59,True,56173753
1024,60,True,56311139
1024,61,True,56201569
1024,62,True,56978964
1024,63,True,57247962
1024,64,True,56915335
1024,65,True,56660338
1024,66,True,56594469
1024,67,True,56437727
1024,68,True,56926573
1024,69,True,56715532
1024,70,True,56296680
1024,71,True,56570499
1024,72,True,56539989
1024,73,True,56360918
1024,74,True,56520636
1024,75,True,56230793
1024,76,True,56798464
1024,77,True,56957093
1024,78,True,56179704
1024,79,True,56795410
1024,80,True,55989253
1024,81,True,56426877
1024,82,True,56571285
1024,83,True,56582699
1024,84,True,56978629
1024,85,True,56885163
1024,86,True,56480921
1024,87,True,56974296
1024,88,True,56416064
1024,89,True,56678814
1024,90,True,56308189
1024,91,True,56758790
1024,92,True,56525609
1024,93,True,56374007
1024,94,True,56425898
1024,95,True,57688821
1024,96,True,56962444
1024,97,True,56917261
1024,98,True,57023472
1024,99,True,56286312
1024,100,True,56707990
1024,101,True,56327384
1024,102,True,56619835
1024,103,True,57037814
1024,104,True,56377186
1024,105,True,56619485
1024,106,True,56401095
1024,107,True,56665363
1024,108,True,55922045
1024,109,True,56291969
1024,110,True,56178392
1024,111,True,56558802
1024,112,True,56026886
1024,113,True,56373927
1024,114,True,56751278
1024,115,True,56259308
1024,116,True,56532439
1024,117,True,56901683
1024,118,True,57064405
1024,119,True,56437986
1024,120,True,56636033
1024,121,True,56595277
1024,122,True,56927557
1024,123,True,56557385
1024,124,True,56783591
1024,125,True,56714945
1024,126,True,56571627
1024,127,True,56797428
1024,128,True,56471720
1024,129,True,56516356
1024,130,True,56980710
1024,131,True,56097388
1024,132,True,56926589
1024,133,True,56490803
1024,134,True,56495265
1024,135,True,56526596
1024,136,True,56478848
1024,137,True,57067706
1024,138,True,56119762
1024,139,True,56918835
1024,140,True,56537201
1024,141,True,56964436
1024,142,True,56702676
1024,143,True,56656361
1024,144,True,56233638
1024,145,True,56375092
1024,146,True,56395371
1024,147,True,56842635
1024,148,True,56509362
1024,149,True,57608864
1024,150,True,57015951
1024,151,True,57025868
1024,152,True,57668451
1024,153,True,56301863
1024,154,True,56994374
1024,155,True,57038346
1024,156,True,56979858
1024,157,True,57045894
1024,158,True,56657753
1024,159,True,56493184
1024,160,True,56767303
1024,161,True,56684874
1024,162,True,56726888
1024,163,True,56708794
1024,164,True,56900652
1024,165,True,56963315
1024,166,True,56589884
1024,167,True,56403372
1024,168,True,56304377
1024,169,True,56326193
1024,170,True,56410226
1024,171,True,56525312
1024,172,True,56497457
1024,173,True,56986267
1024,174,True,56633254
1024,175,True,55761759
1024,176,True,56654128
1024,177,True,56913121
1024,178,True,56994816
1024,179,True,57001754
1024,180,True,56274111
1024,181,True,56733376
1024,182,True,56501773
1024,183,True,57498254
1024,184,True,56389142
1024,185,True,56613434
1024,186,True,56950047
1024,187,True,57051393
1024,188,True,56377399
1024,189,True,56603806
1024,190,True,57093991
1024,191,True,56917158
1024,192,True,56989014
1024,193,True,57230167
1024,194,True,56772042
1024,195,True,56971673
1024,196,True,56983230
1024,197,True,57025927
1024,198,True,57008436
1024,199,True,56350484
1024,200,True,56273000
1024,201,True,56307381
1024,202,True,56737140
1024,203,True,57264916
1024,204,True,56911862
1024,205,True,56663183
1024,206,True,56468448
1024,207,True,56290399
1024,208,True,56648275
1024,209,True,56478633
1024,210,True,56868234
1024,211,True,56954270
1024,212,True,56292683
1024,213,True,57129374
1024,214,True,56756504
1024,215,True,56493112
1024,216,True,56314018
1024,217,True,56716584
1024,218,True,56300949
1024,219,True,56596524
1024,220,True,56982625
1024,221,True,57075868
1024,222,True,56402465
1024,223,True,56134656
1024,224,True,56805690
1024,225,True,56641829
1024,226,True,56719515
1024,227,True,56314536
1024,228,True,56813261
1024,229,True,56763287
1024,230,True,56472614
1024,231,True,56867635
1024,232,True,57074452
1024,233,True,56426195
1024,234,True,57066400
1024,235,True,56443088
1024,236,True,56226998
1024,237,True,56957410
1024,238,True,56414482
1024,239,True,56427560
1024,240,True,56553475
1024,241,True,56399025
1024,242,True,56159522
1024,243,True,56577938
1024,244,True,56567811
1024,245,True,56730397
1024,246,True,57176373
1024,247,True,56775544
1024,248,True,56280465
1024,249,True,56633363
1024,250,True,57047877
1024,251,True,56514893
1024,252,True,57147544
1024,253,True,56344904
1024,254,True,56075109
1024,255,True,56251264
1024,256,True,56687542
1024,257,True,56181862
1024,258,True,56243307
1024,259,True,56546451
1024,260,True,56062307
1024,261,True,56494535
1024,262,True,56078246
1024,263,True,56378456
1024,264,True,56705027
1024,265,True,56423072
1024,266,True,56906514
1024,267,True,56450376
1024,268,True,57047923
1024,269,True,56850861
1024,270,True,56403672
1024,271,True,57268156
1024,272,True,56147281
1024,273,True,56881000
1024,274,True,56920849
1024,275,True,56979870
1024,276,True,56276875
1024,277,True,56700303
1024,278,True,56265716
1024,279,True,56406394
1024,280,True,56816099
1024,281,True,56687747
1024,282,True,56476052
1024,283,True,56659452
1024,284,True,56218064
1024,285,True,56517219
1024,286,True,56921031
1024,287,True,56476368
1024,288,True,56203950
1024,289,True,56938000
1024,290,True,56974794
1024,291,True,56459549
1024,292,True,56694283
1024,293,True,56881302
1024,294,True,56616124
1024,295,True,56020162
1024,296,True,55776626
1024,297,True,56472044
1024,298,True,56469829
1024,299,True,56602361
1024,300,True,56591868
1024,301,True,56405477
1024,302,True,56425093
1024,303,True,56443105
1024,304,True,57486805
1024,305,True,56375185
1024,306,True,56128731
1024,307,True,56480472
1024,308,True,56091454
1024,309,True,56937946
1024,310,True,56701019
1024,311,True,56412346
1024,312,True,56879949
1024,313,True,56621660
1024,314,True,56370504
1024,315,True,56166203
1024,316,True,56823427
1024,317,True,56928780
1024,318,True,56476474
1024,319,True,56612305
1024,320,True,57007239
1024,321,True,56176054
1024,322,True,56932796
1024,323,True,56874597
1024,324,True,56935976
1024,325,True,56275855
1024,326,True,56846580
1024,327,True,56068243
1024,328,True,56889535
1024,329,True,56509838
1024,330,True,56443974
1024,331,True,56725411
1024,332,True,56297564
1024,333,True,56787130
1024,334,True,57173181
1024,335,True,56545082
1024,336,True,56918808
1024,337,True,56227560
1024,338,True,56611683
1024,339,True,56732965
1024,340,True,56171568
1024,341,True,56401002
1024,342,True,56522882
1024,343,True,56406111
1024,344,True,56583027
1024,345,True,56785138
1024,346,True,56766096
1024,347,True,57373449
1024,348,True,56959831
1024,349,True,56456275
1024,350,True,56492070
1024,351,True,56553970
1024,352,True,56878295
1024,353,True,56743440
1024,354,True,56796775
1024,355,True,56371777
1024,356,True,56621894
1024,357,True,56629406
1024,358,True,56873492
1024,359,True,56762382
1024,360,True,56748349
1024,361,True,57023033
1024,362,True,57038540
1024,363,True,56953432
1024,364,True,56411620
1024,365,True,56630443
1024,366,True,56850035
1024,367,True,56772179
1024,368,True,57059936
1024,369,True,56747880
1024,370,True,56571575
1024,371,True,56453772
1024,372,True,56395281
1024,373,True,56730045
1024,374,True,56640997
1024,375,True,56373276
1024,376,True,57006812
1024,377,True,57345976
1024,378,True,56387054
1024,379,True,56585537
1024,380,True,57048337
1024,381,True,56631890
1024,382,True,56513117
1024,383,True,56168063
1024,384,True,56593156
1024,385,True,56635274
1024,386,True,56355331
1024,387,True,56430493
1024,388,True,56601384
1024,389,True,57062403
1024,390,True,56356369
1024,391,True,56763168
1024,392,True,57097473
1024,393,True,56645537
1024,394,True,56468337
1024,395,True,56847087
1024,396,True,56859529
1024,397,True,56475623
1024,398,True,56641294
1024,399,True,56809201
1024,400,True,56852425
1024,401,True,56702455
1024,402,True,56375073
1024,403,True,57016374
1024,404,True,56806409
1024,405,True,56584676
1024,406,True,56801057
1024,407,True,56820778
1024,408,True,56610095
1024,409,True,56426892
1024,410,True,56319041
1024,411,True,56582693
1024,412,True,56556411
1024,413,True,56445030
1024,414,True,56420997
1024,415,True,56905965
1024,416,True,56285435
1024,417,True,56991810
1024,418,True,56445915
1024,419,True,56371261
1024,420,True,56498711
1024,421,True,56666669
1024,422,True,56404489
1024,423,True,56735976
1024,424,True,56245301
1024,425,True,56127220
1024,426,True,56836539
1024,427,True,57047832
1024,428,True,56484105
1024,429,True,56972307
1024,430,True,56583640
1024,431,True,56357020
1024,432,True,56611081
1024,433,True,56231896
1024,434,True,56250321
1024,435,True,56481728
1024,436,True,55993660
1024,437,True,56501207
1024,438,True,56582206
1024,439,True,57053678
1024,440,True,56792491
1024,441,True,56336427
1024,442,True,56705039
1024,443,True,56557426
1024,444,True,56512937
1024,445,True,56373672
1024,446,True,56600572
1024,447,True,57214030
1024,448,True,56964027
1024,449,True,56244118
1024,450,True,56991929
1024,451,True,56728217
1024,452,True,56537225
1024,453,True,56730893
1024,454,True,56141879
1024,455,True,56391477
1024,456,True,56165535
1024,457,True,56952716
1024,458,True,56503778
1024,459,True,56531324
1024,460,True,56819279
1024,461,True,56068081
1024,462,True,56151256
1024,463,True,56742705
1024,464,True,56545565
1024,465,True,56756338
1024,466,True,56827302
1024,467,True,56904575
1024,468,True,56691819
1024,469,True,56898772
1024,470,True,56853878
1024,471,True,56992688
1024,472,True,57253371
1024,473,True,56269736
1024,474,True,56999132
1024,475,True,57073583
1024,476,True,56923596
1024,477,True,57012015
1024,478,True,56931735
1024,479,True,56724623
1024,480,True,56662482
1024,481,True,56654380
1024,482,True,56983513
1024,483,True,56361773
1024,484,True,56665522
1024,485,True,56464239
1024,486,True,56844072
1024,487,True,56826611
1024,488,True,56893199
1024,489,True,56365402
1024,490,True,56590458
1024,491,True,56965458
1024,492,True,56095611
1024,493,True,56947768
1024,494,True,56966713
1024,495,True,57009600
1024,496,True,56546285
1024,497,True,56703370
1024,498,True,57200079
1024,499,True,56568867
2048,0,True,110625000
2048,1,True,112335714
2048,2,True,112092871
2048,3,True,111552842
2048,4,True,111492929
2048,5,True,111937046
2048,6,True,110921934
2048,7,True,112199267
2048,8,True,111782180
2048,9,True,111291215
2048,10,True,111706004
2048,11,True,111345606
2048,12,True,112086739
2048,13,True,111607205
2048,14,True,111503843
2048,15,True,112092451
2048,16,True,111335375
2048,17,True,112012294
2048,18,True,111918834
2048,19,True,111569985
2048,20,True,111443164
2048,21,True,112091889
2048,22,True,111592886
2048,23,True,111472463
2048,24,True,111963767
2048,25,True,111917269
2048,26,True,111395865
2048,27,True,111701776
2048,28,True,111004537
2048,29,True,110949716
2048,30,True,111577367
2048,31,True,111353325
2048,32,True,110980759
2048,33,True,112044522
2048,34,True,111287226
2048,35,True,111678532
2048,36,True,111745489
2048,37,True,111314711
2048,38,True,111284476
2048,39,True,111949742
2048,40,True,111731809
2048,41,True,111976043
2048,42,True,111469744
2048,43,True,111547436
2048,44,True,110955479
2048,45,True,111384300
2048,46,True,111373276
2048,47,True,111265472
2048,48,True,111902502
2048,49,True,112055744
2048,50,True,111989322
2048,51,True,111009361
2048,52,True,111146204
2048,53,True,111534649
2048,54,True,110418841
2048,55,True,111847364
2048,56,True,111063294
2048,57,True,112180617
2048,58,True,111858997
2048,59,True,111490835
2048,60,True,111343578
2048,61,True,111693099
2048,62,True,111569977
2048,63,True,111034178
2048,64,True,111768537
2048,65,True,111691409
2048,66,True,111999397
2048,67,True,111320274
2048,68,True,110986732
2048,69,True,111997168
2048,70,True,110968765
2048,71,True,111361479
2048,72,True,110732194
2048,73,True,111532933
2048,74,True,111452800
2048,75,True,111396605
2048,76,True,111612964
2048,77,True,111483354
2048,78,True,111422051
2048,79,True,111505210
2048,80,True,112470327
2048,81,True,112017019
2048,82,True,112005227
2048,83,True,110686201
2048,84,True,111308639
2048,85,True,111608614
2048,86,True,111506975
2048,87,True,111867623
2048,88,True,110922937
2048,89,True,112061748
2048,90,True,111021974
2048,91,True,111210343
2048,92,True,111077724
2048,93,True,111254671
2048,94,True,112421069
2048,95,True,110907454
2048,96,True,111089646
2048,97,True,111556170
2048,98,True,112161259
2048,99,True,111817960
2048,100,True,110589845
2048,101,True,111869949
2048,102,True,111035740
2048,103,True,112042561
2048,104,True,111464308
2048,105,True,111854965
2048,106,True,111596481
2048,107,True,111946147
2048,108,True,111260622
2048,109,True,111757995
2048,110,True,111450948
2048,111,True,110557856
2048,112,True,110967665
2048,113,True,111035030
2048,114,True,112009106
2048,115,True,111601201
2048,116,True,111362232
2048,117,True,111736469
2048,118,True,111300799
2048,119,True,111524992
2048,120,True,111430292
2048,121,True,111477984
2048,122,True,111949742
2048,123,True,111475048
2048,124,True,111055525
2048,125,True,111274526
2048,126,True,111289766
2048,127,True,111443025
2048,128,True,111622312
2048,129,True,111372394
2048,130,True,112270778
2048,131,True,111866651
2048,132,True,111120563
2048,133,True,111713631
2048,134,True,111999016
2048,135,True,112001130
2048,136,True,111288982
2048,137,True,111193386
2048,138,True,112150211
2048,139,True,110996170
2048,140,True,111421114
2048,141,True,111925144
2048,142,True,112075429
2048,143,True,111917819
2048,144,True,111491594
2048,145,True,111157954
2048,146,True,111663554
2048,147,True,112025054
2048,148,True,111604647
2048,149,True,111416609
2048,150,True,111678482
2048,151,True,110963785
2048,152,True,111524977
2048,153,True,112399278
2048,154,True,112102028
2048,155,True,110959582
2048,156,True,111051797
2048,157,True,111186348
2048,158,True,111809128
2048,159,True,111922801
2048,160,True,111656806
2048,161,True,111426625
2048,162,True,111981992
2048,163,True,111348461
2048,164,True,110932668
2048,165,True,110729702
2048,166,True,110942454
2048,167,True,111971452
2048,168,True,111063108
2048,169,True,111905411
2048,170,True,110995834
2048,171,True,112018409
2048,172,True,111455894
2048,173,True,111580833
2048,174,True,111500211
2048,175,True,112169662
2048,176,True,111329500
2048,177,True,111982255
2048,178,True,111979599
2048,179,True,111992158
2048,180,True,111954779
2048,181,True,111555849
2048,182,True,110744188
2048,183,True,111724839
2048,184,True,111981866
2048,185,True,112030204
2048,186,True,111872921
2048,187,True,111432705
2048,188,True,111638630
2048,189,True,111562589
2048,190,True,110676913
2048,191,True,111314434
2048,192,True,111448142
2048,193,True,111013735
2048,194,True,111601303
2048,195,True,112322740
2048,196,True,112036640
2048,197,True,111644978
2048,198,True,110419192
2048,199,True,111125677
2048,200,True,111178149
2048,201,True,111596543
2048,202,True,111502449
2048,203,True,111506055
2048,204,True,111387941
2048,205,True,111614467
2048,206,True,110992198
2048,207,True,111354436
2048,208,True,111292682
2048,209,True,111494423
2048,210,True,111913374
2048,211,True,111461554
2048,212,True,111515536
2048,213,True,111626954
2048,214,True,110930012
2048,215,True,111382622
2048,216,True,112090679
2048,217,True,111626945
2048,218,True,112493939
2048,219,True,110753782
2048,220,True,111166726
2048,221,True,110857647
2048,222,True,111307119
2048,223,True,111376643
2048,224,True,110878739
2048,225,True,111442940
2048,226,True,111467844
2048,227,True,110905793
2048,228,True,111203745
2048,229,True,111328077
2048,230,True,111299905
2048,231,True,111756364
2048,232,True,112067188
2048,233,True,112896680
2048,234,True,111686527
2048,235,True,111558059
2048,236,True,111222403
2048,237,True,111609217
2048,238,True,111963697
2048,239,True,112099066
2048,240,True,111933249
2048,241,True,111157853
2048,242,True,111318678
2048,243,True,110980909
2048,244,True,111690528
2048,245,True,111849068
2048,246,True,110949170
2048,247,True,111694642
2048,248,True,111501897
2048,249,True,111738742
2048,250,True,112050904
2048,251,True,112172297
2048,252,True,111267032
2048,253,True,111608334
2048,254,True,111095314
2048,255,True,111546840
2048,256,True,111327197
2048,257,True,111977673
2048,258,True,111687797
2048,259,True,111305458
2048,260,True,111444270
2048,261,True,110857381
2048,262,True,111311881
2048,263,True,111402169
2048,264,True,111618313
2048,265,True,111351116
2048,266,True,110956069
2048,267,True,110972207
2048,268,True,111445574
2048,269,True,111310510
2048,270,True,111245224
2048,271,True,111059641
2048,272,True,111000159
2048,273,True,111003131
2048,274,True,111981861
2048,275,True,111543963
2048,276,True,111386419
2048,277,True,113114943
2048,278,True,112464767
2048,279,True,111347431
2048,280,True,111365095
2048,281,True,111710888
2048,282,True,110976846
2048,283,True,111706900
2048,284,True,111287321
2048,285,True,111063733
2048,286,True,111216882
2048,287,True,111798980
2048,288,True,111354236
2048,289,True,111546171
2048,290,True,111013194
2048,291,True,111486518
2048,292,True,110602713
2048,293,True,111309368
2048,294,True,111069813
2048,295,True,111536705
2048,296,True,111077620
2048,297,True,111439515
2048,298,True,111760368
2048,299,True,111746884
2048,300,True,110993629
2048,301,True,111247030
2048,302,True,111711774
2048,303,True,111999290
2048,304,True,111415737
2048,305,True,111565901
2048,306,True,111487045
2048,307,True,111491439
2048,308,True,111996180
2048,309,True,110993661
2048,310,True,111554453
2048,311,True,112130822
2048,312,True,111389158
2048,313,True,111113487
2048,314,True,111928674
2048,315,True,111913401
2048,316,True,111006014
2048,317,True,111397009
2048,318,True,111597166
2048,319,True,111418891
2048,320,True,111541692
2048,321,True,112273504
2048,322,True,111507763
2048,323,True,112189323
2048,324,True,112049195
2048,325,True,111329846
2048,326,True,111850559
2048,327,True,111745099
2048,328,True,111104397
2048,329,True,111416582
2048,330,True,111477839
2048,331,True,112008406
2048,332,True,111547387
2048,333,True,111189160
2048,334,True,111749215
2048,335,True,110918260
2048,336,True,111190269
2048,337,True,110857555
2048,338,True,111708561
2048,339,True,111270705
2048,340,True,111777548
2048,341,True,111680078
2048,342,True,111132126
2048,343,True,112054787
2048,344,True,110978464
2048,345,True,111903268
2048,346,True,111270309
2048,347,True,111117153
2048,348,True,111602569
2048,349,True,111094456
2048,350,True,111407640
2048,351,True,111688092
2048,352,True,111826230
2048,353,True,112267758
2048,354,True,111683850
2048,355,True,113056587
2048,356,True,111443332
2048,357,True,111710327
2048,358,True,111328554
2048,359,True,111447067
2048,360,True,111594525
2048,361,True,111615133
2048,362,True,111347597
2048,363,True,111518548
2048,364,True,111238848
2048,365,True,111349004
2048,366,True,111302446
2048,367,True,111628844
2048,368,True,111406182
2048,369,True,111984353
2048,370,True,111907015
2048,371,True,111657287
2048,372,True,111448503
2048,373,True,112013624
2048,374,True,111537858
2048,375,True,111402738
2048,376,True,111132058
2048,377,True,111329963
2048,378,True,111522112
2048,379,True,112371783
2048,380,True,110914251
2048,381,True,111434839
2048,382,True,111251112
2048,383,True,111005311
2048,384,True,111618373
2048,385,True,110580942
2048,386,True,111795564
2048,387,True,112133986
2048,388,True,111351873
2048,389,True,112526835
2048,390,True,111483483
2048,391,True,111504688
2048,392,True,111678301
2048,393,True,111367115
2048,394,True,111062744
2048,395,True,111380174
2048,396,True,111930082
2048,397,True,111549323
2048,398,True,111640813
2048,399,True,111428089
2048,400,True,111495151
2048,401,True,111153777
2048,402,True,112368317
2048,403,True,111364565
2048,404,True,111674718
2048,405,True,111861270
2048,406,True,112193181
2048,407,True,111770923
2048,408,True,112019623
2048,409,True,111402855
2048,410,True,111625383
2048,411,True,111478962
2048,412,True,111480092
2048,413,True,111056144
2048,414,True,111938695
2048,415,True,112173610
2048,416,True,111397138
2048,417,True,111094783
2048,418,True,111324644
2048,419,True,111978298
2048,420,True,111337653
2048,421,True,111663732
2048,422,True,111360677
2048,423,True,111903333
2048,424,True,111723441
2048,425,True,111994890
2048,426,True,111439326
2048,427,True,111870936
2048,428,True,111336700
2048,429,True,111423601
2048,430,True,111130959
2048,431,True,111251328
2048,432,True,111547172
2048,433,True,111268514
2048,434,True,111369683
2048,435,True,111418429
2048,436,True,111314468
2048,437,True,111279524
2048,438,True,112346630
2048,439,True,111970713
2048,440,True,111390667
2048,441,True,111745212
2048,442,True,111783657
2048,443,True,111697194
2048,444,True,111012580
2048,445,True,111366623
2048,446,True,111602432
2048,447,True,111371125
2048,448,True,111013903
2048,449,True,111051678
2048,450,True,111927392
2048,451,True,112685147
2048,452,True,111346138
2048,453,True,111498870
2048,454,True,111446410
2048,455,True,111779503
2048,456,True,111206641
2048,457,True,111480026
2048,458,True,111226560
2048,459,True,111522355
2048,460,True,111771639
2048,461,True,111287080
2048,462,True,111350939
2048,463,True,111581618
2048,464,True,110889859
2048,465,True,110870917
2048,466,True,111064087
2048,467,True,110928619
2048,468,True,111148399
2048,469,True,111791311
2048,470,True,111353552
2048,471,True,111275830
2048,472,True,111564738
2048,473,True,111846392
2048,474,True,111616998
2048,475,True,111384358
2048,476,True,111564727
2048,477,True,111491540
2048,478,True,110931604
2048,479,True,111722131
2048,480,True,111676862
2048,481,True,111261468
2048,482,True,111414028
2048,483,True,111531571
2048,484,True,111365984
2048,485,True,111069978
2048,486,True,111199839
2048,487,True,111740932
2048,488,True,111139250
2048,489,True,111354892
2048,490,True,111493444
2048,491,True,111143366
2048,492,True,110999931
2048,493,True,111845445
2048,494,True,111044829
2048,495,True,111606244
2048,496,True,111843234
2048,497,True,112170132
2048,498,True,111248222
2048,499,True,111995783
